<?xml version="1.0" encoding="UTF-8" standalone="no"?>
<!-- Generated Feb 3, 2025, 10:52:52 AM by Hibernate Tools 5.6.3.Final --><!DOCTYPE hibernate-mapping PUBLIC "-//Hibernate/Hibernate Mapping DTD 3.0//EN" "http://www.hibernate.org/dtd/hibernate-mapping-3.0.dtd">
<hibernate-mapping>
    <class catalog="soa" name="th.ac.ki.kps.eng.cpe.soa.model.Customer" optimistic-lock="none" table="customer">
        <id name="cusId" type="java.lang.Integer">
            <column name="CUS_ID"/>
            <generator class="identity"/>
        </id>
        <property name="name" type="string">
            <column name="NAME"/>
        </property>
        <set fetch="select" inverse="true" lazy="true" name="phonenumbers" table="phonenumber">
            <key>
                <column name="CUS_ID"/>
            </key>
            <one-to-many class="th.ac.ki.kps.eng.cpe.soa.model.Phonenumber"/>
        </set>
    </class>
</hibernate-mapping>
