<?xml version="1.0" encoding="UTF-8" standalone="no"?>
<!-- Generated Feb 3, 2025, 10:52:52 AM by Hibernate Tools 5.6.3.Final --><!DOCTYPE hibernate-mapping PUBLIC "-//Hibernate/Hibernate Mapping DTD 3.0//EN" "http://www.hibernate.org/dtd/hibernate-mapping-3.0.dtd">
<hibernate-mapping>
    <class catalog="soa" name="th.ac.ki.kps.eng.cpe.soa.model.Phonenumber" optimistic-lock="none" table="phonenumber">
        <id name="phonenumberId" type="java.lang.Integer">
            <column name="PHONENUMBER_ID"/>
            <generator class="identity"/>
        </id>
        <many-to-one class="th.ac.ki.kps.eng.cpe.soa.model.Customer" fetch="select" name="customer">
            <column name="CUS_ID"/>
        </many-to-one>
        <property name="number" type="string">
            <column name="NUMBER"/>
        </property>
    </class>
</hibernate-mapping>
